weapon,driverHz,shotCount,paintStamps,impacts,peakProjectiles,scenario,gridHash,charge,lastPaintForward,maxOwnedForward,ownedWidth,ownedDepth,centerlineContinuous,connectedReach,ownedArea,simulationMilliseconds,inkSpent,attackSeconds,ownedAreaPerSecond,ownedAreaPer100Ink,emittedProjectiles,fullActions,fullTank,targetValidated,captureSet
1,60,20,1015,20,10,continuous,1a8e012ef1f62a94508448516c42dde6dda047f8d75fe4dec28fc3941ae38bbd,0.0,18.98419189453125,20.25,4.375,20.875,18.125,20.0,43.734375,312.5697,17.000000476837158,1.3333333333333333,32.80078125,257.26102219578735,20,False,False,False,before
1,60,1,51,1,1,flat,3b16f44722aef6c6083a76743b12da0f7a19af9bb64a97665d29af9a19b8d44d,0.0,15.05462646484375,15.875,1.875,16.25,15.5,15.625,16.859375,56.0717,0.8500000238418579,0.06666666666666667,252.890625,1983.4558267185034,1,False,False,False,before
1,60,1,19,1,1,high-drop,ab9f44bf8c2718785ed5e786fe8f7e24a2be91b65ac7e5f86076cdd497132522,0.0,22.3338623046875,23.375,1.625,5.875,0.0,0.0,5.34375,49.8303,0.8500000238418579,0.06666666666666667,80.15625,628.6764529543357,1,False,False,False,before
1,60,1,21,1,1,wall-middle,15b3352b1b0f13d0e526d16bcb4ed3dfb4996c1072d2b47a835846023072cb75,0.0,6.0,6.5,2.0,6.75,5.5,6.375,7.515625,56.054300000000005,0.8500000238418579,0.06666666666666667,112.734375,884.1911516696942,1,False,False,False,before
2,60,20,64,20,2,continuous,a0b1a05b530c1c18a934b652abdbc2f114c538bba79546319c8baa462ae84829,0.0,13.07672119140625,14.125,2.875,15.375,2.375,2.5,17.171875,69.9,27.999999523162842,3.0000000715255752,5.723958196863532,61.32812604441176,20,False,False,False,before
2,60,1,4,1,1,flat,25f9729eff9a874dd0740094c373cc07e6a457c7f4710cdb056cf95a98b43cb0,0.0,12.03436279296875,12.875,2.25,13.75,0.875,2.375,7.34375,43.924600000000005,1.399999976158142,0.15000000357627877,48.95833216607571,524.5535803616657,1,False,False,False,before
2,60,1,1,1,1,high-drop,91d08ada4d6bf9cba6aee7d69fae4ce42c761b1dc107c663e79f0d34a2715849,0.0,16.60247802734375,17.5,2.125,1.75,0.0,0.0,2.734375,36.395900000000005,1.399999976158142,0.15000000357627877,18.229166232049465,195.3125033261521,1,False,False,False,before
2,60,1,3,1,1,wall-middle,febe47c9b105ac8ca86633cb03ee157119fa1d6a5001c818aa5050662e180257,0.0,6.0,2.375,2.75,6.9375,0.875,2.375,6.5,44.063,1.399999976158142,0.15000000357627877,43.33333230018616,464.2857221924531,1,False,False,False,before
3,60,20,4984,160,15,continuous,115de38d7b645ab0f3fe25350a13d50e0c77cc885cb65fcfa7bb5b623a524ac6,0.0,12.82720947265625,13.625,3.625,13.75,13.25,13.625,25.484375,666.5751,80.0,8.000000000000002,3.185546874999999,31.85546875,160,False,False,False,before
3,60,1,248,8,8,flat,4d24b5cd05295adf79346a0d5d9810909be0c64dd8b55a456e2d70642ffa49da,0.0,12.0206298828125,12.875,2.75,12.875,0.0,0.625,15.890625,70.3019,4.0,0.4,39.7265625,397.265625,8,False,False,False,before
3,60,1,124,8,8,high-drop,c3ba6d24ac1d091a9cfc7c10a9161d678063998b68d15120f244e49d30fa0a90,0.0,19.73406982421875,20.5,3.75,9.625,0.0,0.0,19.453125,63.976800000000004,4.0,0.4,48.6328125,486.328125,8,False,False,False,before
3,60,1,150,8,8,wall-middle,ad6ba9cdab8d672270de876e1d33b587e5144d92e64bd59b3b9d78e375c4b0f9,0.0,6.0,6.25,2.375,6.25,0.0,0.5,8.78125,64.7902,4.0,0.4,21.953125,219.53125,8,False,False,False,before
4,60,20,840,20,6,continuous,fcbe3add191e5caf303d3d5aa5a7dad3cd373b143274a148a91cdee59681b84c,0.0,13.0567626953125,13.875,1.75,14.25,0.5,0.5,11.640625,115.8354,16.00000023841858,1.666666666666666,6.984375000000003,72.75390516588233,20,False,False,False,before
4,60,1,42,1,1,flat,3f9e6dd0638d629964ea1f95f9be88781bfd64b0f8b98716572b64c41e441e06,0.0,13.0567626953125,13.5,1.25,13.75,0.125,0.125,6.4375,41.0018,0.800000011920929,0.08333333333333333,77.25,804.6874880092221,1,False,False,False,before
4,60,1,27,1,1,high-drop,7622ecc26d375125257f74cdc0b623e1d814b5d89d097d26948e3e0c67fcc08a,0.0,21.0252685546875,21.625,1.0,5.625,0.0,0.0,3.015625,42.8448,0.800000011920929,0.08333333333333333,36.1875,376.95311938296084,1,False,False,False,before
4,60,1,21,1,1,wall-middle,66f705028eb70f95b64a2515df9086f5d23804946cd86c3646c02e13b9b32d70,0.0,6.0,6.125,1.375,6.25,0.25,0.25,3.234375,41.86,0.800000011920929,0.08333333333333333,38.8125,404.2968689755072,1,False,False,False,before
5,60,20,200,20,1,continuous,27d2b922b50a6c33630f4e1ce7b5284e391b6774845e799fb6a02f8d43f6b310,0.0,11.6666259765625,13.875,4.125,13.25,0.0,13.875,25.6875,114.72810000000001,140.0,11.66666666666667,2.201785714285714,18.348214285714285,20,False,False,False,before
5,60,1,10,1,1,flat,fb09b90d779462c5f34bd9c95e80ca877835b7af1b88a215e9e4ac571aaec680,0.0,11.6666259765625,13.0,3.25,12.125,0.0,1.125,13.015625,43.085300000000004,7.0,0.5833333333333334,22.3125,185.9375,1,False,False,False,before
5,60,1,0,1,1,high-drop,d58201a30b35a60612306667b083ca4dfaf9efa107386fff36188e42c34c3c19,0.0,0.0,0.0,0.0,0.0,0.0,0.0,0.0,33.3923,7.0,0.5833333333333334,0.0,0.0,1,False,False,False,before
5,60,1,5,1,1,wall-middle,3eedc0b7d94d6f1001829d8e3e95ef8a6a6f4d26a286ba8811d020217910c137,0.0,6.0,4.75,2.375,5.1875,0.0,1.125,4.53125,39.5328,7.0,0.5833333333333334,7.767857142857142,64.73214285714286,1,False,False,False,before
6,60,20,60,20,12,continuous,e3660ffbf296be4692a10e28567f2b66fb5be27b7d577713e3bfb15248f83fb4,1.0,19.10504150390625,20.125,3.25,21.375,2.625,2.75,18.171875,77.68860000000001,10.606060028076172,1.3333333333333333,13.62890625,171.33483076557872,20,False,False,False,before
6,60,1,3,1,1,flat,4f3c50cf83a5d3c871af837d1f5d5cc6dc0a26e143a4026281891ac71ed4d4df,1.0,15.48907470703125,16.625,2.5,17.5,0.875,0.875,3.796875,40.7085,0.5303030014038086,0.06666666666666667,56.953125,715.9821818750753,1,False,False,False,before
6,60,1,1,1,1,high-drop,8029f26f670a36ef29cd55a4e0ae56c7cf55b04bc784a1e26c70da2df478fb97,1.0,24.80810546875,26.0,2.5,2.0,0.0,0.0,1.703125,38.0447,0.5303030014038086,0.06666666666666667,25.546875,321.16073178758523,1,False,False,False,before
6,60,1,3,1,1,wall-middle,09d3466a726f10911022667dd9b93f90dc41ddc54c214e0fa00af00d65f6eacf,1.0,6.0,2.5,2.875,6.9375,0.875,0.875,3.71875,38.9788,0.5303030014038086,0.06666666666666667,55.78125,701.2500382150943,1,False,False,False,before
7,60,20,620,20,3,continuous,f6c58ac10371c40fc22bc2514251c7c88960b78ed2a01d2fc962f06fa21cba16,0.0,18.82452392578125,19.5,1.5,16.375,0.0,0.0,8.234375,111.0,160.0,11.000000000000002,0.7485795454545453,5.146484375,20,False,False,False,before
7,60,1,31,1,1,flat,e443c3297acb2101d698317373f4f8b62d47ee75aa4955b196fec2514a62c402,0.0,18.82452392578125,19.25,1.25,16.125,0.0,0.0,3.796875,39.5206,8.0,0.55,6.90340909090909,47.4609375,1,False,False,False,before
7,60,1,7,1,1,high-drop,da60d6709a71fb45fa3f7382d748ba86b967137f590e35dc7f6bc41450f22434,0.0,22.77557373046875,22.875,1.125,12.875,0.0,0.0,0.875,35.7151,8.0,0.55,1.5909090909090908,10.9375,1,False,False,False,before
7,60,1,28,1,1,wall-middle,418cc2c5f9d8d6a4e98a5818b6e80b4159028da677dc67e7bff8d23c988db670,0.0,6.0,5.875,2.375,11.8125,0.0,0.875,3.71875,50.3001,8.0,0.55,6.761363636363636,46.484375,1,False,False,False,before
1,60,20,80,20,3,continuous,fb4b170bd9b61721c0df1c5931d2e57b5d98572ca3315151a66f1f1cbb5383df,0.0,10.61065673828125,12.0,2.625,13.0,1.125,1.375,8.84375,69.6937,18.40000033378601,2.0000000000000004,4.421874999999999,48.06385782374764,20,False,False,False,after-direct
1,60,1,4,1,1,flat,6ed9114cc74a52158a25e6acfa0ac186b3ba09c9bf338d276c82be80d620006c,0.0,10.4659423828125,11.875,2.375,12.875,1.125,1.375,7.6875,38.006,0.9200000166893005,0.1,76.875,835.5978109287577,1,False,False,False,after-direct
1,60,1,4,1,1,high-drop,6149a38c5096f95dcc32c30eb641dd0196c9f34df29ff9608fa875f615585d4f,0.0,12.80584716796875,14.0,2.5,15.0,1.125,1.375,7.484375,37.106700000000004,0.9200000166893005,0.1,74.84375,813.5190069814531,1,False,False,False,after-direct
1,60,1,17,1,1,wall-middle,f3b05173bc9bc3ef7711c376f2ea9c980fa24820ed1d54fd747accc0bbbca7ae,0.0,6.0,6.25,3.625,7.25,1.125,1.375,8.03125,42.6935,0.9200000166893005,0.1,80.3125,872.9619406857346,1,False,False,False,after-direct
2,60,20,64,20,2,continuous,aa54aa751fd1a38ea503f18a7b2981ed7c28cb6bd8f570cfcab4758b2828799f,0.0,13.07672119140625,14.375,2.75,15.625,2.375,2.5,18.046875,109.1812,27.999999523162842,3.0000000715255752,6.0156248565763235,64.4531260976302,20,False,False,False,after-direct
2,60,1,4,1,1,flat,0eab0eb6b31d694eee2ff7e527f0a85a31c70260401e0fc9b563da2e8cd0f604,0.0,12.03436279296875,13.25,2.375,14.125,0.875,2.375,8.234375,60.8975,1.399999976158142,0.15000000357627877,54.895832024514675,588.1696528736123,1,False,False,False,after-direct
2,60,1,4,1,1,high-drop,2184592ff10ff56e5419fd5efce3b9256657e4dbc4cdc20ffec5174f6c96be83,0.0,16.60247802734375,17.625,2.375,18.5,0.875,2.375,7.796875,49.1426,1.399999976158142,0.15000000357627877,51.97916542738676,556.919652341428,1,False,False,False,after-direct
2,60,1,16,1,1,wall-middle,234622639b26f6b21c1e89889651dad8b1bfceca0cd3374c41fa365913606636,0.0,6.0,6.375,3.625,7.25,0.875,2.375,9.5,64.30380000000001,1.399999976158142,0.15000000357627877,63.333331823349,678.5714401274313,1,False,False,False,after-direct
3,60,20,4984,160,15,continuous,115de38d7b645ab0f3fe25350a13d50e0c77cc885cb65fcfa7bb5b623a524ac6,0.0,12.82720947265625,13.625,3.625,13.75,13.25,13.625,25.484375,910.9141000000001,80.0,8.000000000000002,3.185546874999999,31.85546875,160,False,False,False,after-direct
3,60,1,248,8,8,flat,4d24b5cd05295adf79346a0d5d9810909be0c64dd8b55a456e2d70642ffa49da,0.0,12.0206298828125,12.875,2.75,12.875,0.0,0.625,15.890625,115.70230000000001,4.0,0.4,39.7265625,397.265625,8,False,False,False,after-direct
3,60,1,124,8,8,high-drop,c3ba6d24ac1d091a9cfc7c10a9161d678063998b68d15120f244e49d30fa0a90,0.0,19.73406982421875,20.5,3.75,9.625,0.0,0.0,19.453125,98.1166,4.0,0.4,48.6328125,486.328125,8,False,False,False,after-direct
3,60,1,150,8,8,wall-middle,ad6ba9cdab8d672270de876e1d33b587e5144d92e64bd59b3b9d78e375c4b0f9,0.0,6.0,6.25,2.375,6.25,0.0,0.5,8.78125,83.30810000000001,4.0,0.4,21.953125,219.53125,8,False,False,False,after-direct
4,60,20,80,20,3,continuous,57f9c61853803d513fad59cdb6eff4ad442db318d81076c466dec676a3ae793d,0.0,9.60101318359375,10.875,2.125,12.0,1.0,1.25,6.984375,72.5492,16.00000023841858,1.666666666666666,4.190625000000002,43.6523430995294,20,False,False,False,after-direct
4,60,1,4,1,1,flat,15184ccfab0141b47e239129bf671bb38f298c91bfa74293c12f81855c8568c3,0.0,9.60101318359375,10.875,2.125,12.0,1.0,1.25,6.9375,48.772600000000004,0.800000011920929,0.08333333333333333,83.25,867.1874870778995,1,False,False,False,after-direct
4,60,1,4,1,1,high-drop,6f57eb21ec672de4e50850059c6121e1d594299c03b29104e5ccf0da58f4f1a7,0.0,12.24072265625,13.25,2.125,14.375,1.0,1.25,7.390625,45.9733,0.800000011920929,0.08333333333333333,88.6875,923.8281112338884,1,False,False,False,after-direct
4,60,1,16,1,1,wall-middle,8fc63f0e82a3118a0f557422a0014889bf1ab0b8de5ec80e83f86c9d83abc032,0.0,6.0,6.25,3.5,7.375,1.0,1.25,7.921875,44.918,0.800000011920929,0.08333333333333333,95.0625,990.2343602443582,1,False,False,False,after-direct
5,60,20,240,20,1,continuous,4af9ca2d9ce945d4abb015268950755d6d863967a5fe5b44a6efcacf5b7e2e6d,0.0,12.58984375,14.125,6.375,13.75,0.0,14.125,23.53125,211.30270000000002,140.0,11.66666666666667,2.0169642857142853,16.808035714285715,20,False,False,False,after-direct
5,60,1,12,1,1,flat,e7e26e31e7e415af80a5bc62024e281561dd60e87b0be018327cbf1df3f695d4,0.0,12.58984375,14.0,6.375,13.625,0.0,14.0,23.25,65.7437,7.0,0.5833333333333334,39.857142857142854,332.14285714285717,1,False,False,False,after-direct
5,60,1,9,1,1,high-drop,05cece38942c4e239072332d11638a5dddbd37c695d30c44f64401f4e611912b,0.0,10.90338134765625,11.75,1.875,11.375,0.0,11.75,11.6875,41.8644,7.0,0.5833333333333334,20.035714285714285,166.96428571428572,1,False,False,False,after-direct
5,60,1,6,1,1,wall-middle,a001c09cd2f6203218fe8547e196381c58a0ef0ce8e5801c0f986d4370e533e0,0.0,6.0,5.5,2.375,5.6875,0.0,5.5,9.5,49.386300000000006,7.0,0.5833333333333334,16.285714285714285,135.71428571428572,1,False,False,False,after-direct
6,60,20,60,20,4,continuous,2abc2a3c81c4768881d02df0d0b8a6068a14b9bb150b8368df09e69992b3f83d,1.0,17.89508056640625,19.25,2.875,20.0,0.75,0.875,6.328125,106.4838,10.606060028076172,1.3333333333333333,4.74609375,59.66518182292294,20,False,False,False,after-direct
6,60,1,3,1,1,flat,eaf9320b35d9cf649da2c8f83bfc3f0ca5cb7cfe2e6784f7946aae12e5d2e6aa,1.0,17.89508056640625,19.25,2.75,20.0,0.75,0.875,5.453125,51.3768,0.5303030014038086,0.06666666666666667,81.796875,1028.303627466672,1,False,False,False,after-direct
6,60,1,3,1,1,high-drop,4cfc261a79fa18aed6930a3833356996effb85830f3cd48f460b1d72bc293243,1.0,21.4281005859375,22.625,2.875,23.375,0.75,0.875,5.3125,69.2859,0.5303030014038086,0.06666666666666667,79.6875,1001.7857688787062,1,False,False,False,after-direct
6,60,1,15,1,1,wall-middle,83819888bda16d89ae812fafe1da9297295854bfbd68667a766eeb9df3bab78f,1.0,6.0,6.375,3.25,7.25,0.75,0.875,7.0625,69.5847,0.5303030014038086,0.06666666666666667,105.9375,1331.78578686228,1,False,False,False,after-direct
7,60,20,110,20,3,continuous,663b62944b40d2e7a765d9e0c80e73597faac69d2c6f47d1c10695faad38b9be,0.0,18.73297119140625,19.5,2.25,20.375,1.375,1.5,25.453125,126.9988,160.0,10.666666666666663,2.386230468750001,15.908203125,20,False,False,False,after-direct
7,60,1,10,1,1,flat,d996d9e661f430d2935a693ea86e211af306ae2b620294f3e224a0e1ab34e555,0.0,18.06201171875,19.25,2.25,20.125,1.375,1.5,24.09375,60.2911,8.0,0.533333333333333,45.17578125000003,301.171875,1,False,False,False,after-direct
7,60,1,9,1,1,high-drop,382cdf1556e5e17eabf5118c10102467e7c93f10d721cb2b75dbde2d62526a39,0.0,22.3817138671875,23.375,2.25,24.25,1.375,1.5,21.640625,72.2429,8.0,0.533333333333333,40.57617187500003,270.5078125,1,False,False,False,after-direct
7,60,1,11,1,1,wall-middle,7c6fc5aa9f0a42f868581b83c099a366fb86585b17e8be7980777c64cb2e0204,0.0,6.0,7.125,4.0,15.0,1.375,6.75,20.984375,65.9083,8.0,0.533333333333333,39.34570312500003,262.3046875,1,False,False,False,after-direct
1,60,20,64,20,3,continuous,e07a39aa7ad8935e4e45d460127685d2286e7c3c31b20703d1bd37b64d052e4d,0.0,10.4937744140625,11.875,3.25,13.0,11.5,11.875,22.796875,72.9174,18.40000033378601,2.033333333333333,11.21157786885246,123.8960575350668,20,True,False,False,after-actions
1,60,1,4,1,1,flat,6ed9114cc74a52158a25e6acfa0ac186b3ba09c9bf338d276c82be80d620006c,0.0,10.4659423828125,11.875,2.375,12.875,1.125,1.375,7.6875,37.3705,0.9200000166893005,0.13333333333333333,57.65625,835.5978109287577,1,True,False,False,after-actions
1,60,1,4,1,1,high-drop,6149a38c5096f95dcc32c30eb641dd0196c9f34df29ff9608fa875f615585d4f,0.0,12.80584716796875,14.0,2.5,15.0,1.125,1.375,7.484375,37.4493,0.9200000166893005,0.13333333333333333,56.1328125,813.5190069814531,1,True,False,False,after-actions
1,60,20,64,20,3,moving,f2727ec7b2f70cf77970dc5328ee12333d020eccacde105f7587168b10286823,0.0,10.4937744140625,11.875,6.25,13.0,1.125,11.875,44.171875,75.8386,18.40000033378601,2.033333333333333,21.723872950819672,240.06453368857703,20,True,False,False,after-actions
1,60,20,64,20,3,sweep,3ba2af78aeaceff88eec806c4999e20e540cceeb9a3308d7e9fc540b13eb3a93,0.0,10.449951171875,11.875,7.875,13.125,3.125,11.875,36.59375,78.4023,18.40000033378601,2.033333333333333,17.996926229508198,198.87907247918196,20,True,False,False,after-actions
1,60,108,339,108,4,tank,9ff467bb808378dcf66267bf8443a961b9175e1768bf702f8c79db9c42d4ce11,0.0,10.86663818359375,12.25,3.625,13.625,12.25,12.25,29.671875,241.96210000000002,99.35986894369125,10.833333333333332,2.738942307692308,29.863037577893248,108,True,True,False,after-actions
1,60,1,17,1,1,wall-middle,f3b05173bc9bc3ef7711c376f2ea9c980fa24820ed1d54fd747accc0bbbca7ae,0.0,6.0,6.25,3.625,7.25,1.125,1.375,8.03125,43.6387,0.9200000166893005,0.13333333333333333,60.234375,872.9619406857346,1,True,False,False,after-actions
2,60,20,64,20,2,continuous,d6e67d62f00621d9f64aaee59e62e578fe60cedce87bb660271837bd77e3c125,0.0,12.380126953125,14.125,2.625,15.375,2.5,2.75,15.875,80.8536,27.999999523162842,3.000000003576279,5.2916666603585085,56.69642953696301,20,True,False,False,after-actions
2,60,1,4,1,1,flat,0eab0eb6b31d694eee2ff7e527f0a85a31c70260401e0fc9b563da2e8cd0f604,0.0,12.03436279296875,13.25,2.375,14.125,0.875,2.375,8.234375,50.8647,1.399999976158142,0.15000000357627877,54.895832024514675,588.1696528736123,1,True,False,False,after-actions
2,60,1,4,1,1,high-drop,2184592ff10ff56e5419fd5efce3b9256657e4dbc4cdc20ffec5174f6c96be83,0.0,16.60247802734375,17.625,2.375,18.5,0.875,2.375,7.796875,53.09,1.399999976158142,0.15000000357627877,51.97916542738676,556.919652341428,1,True,False,False,after-actions
2,60,20,64,20,2,moving,65d8b055734d476f82e70cf0b4f58c98475fe450325a8f205f24c7b0fafe780c,0.0,12.380126953125,14.125,6.875,15.375,2.125,2.75,41.15625,107.0368,27.999999523162842,3.000000003576279,13.718749983645974,146.9866096460242,20,True,False,False,after-actions
2,60,20,64,20,2,sweep,af17a1fcbd16f2219d99e9d35e444198b5ef1d0f7d4dea7d125b1da921abb7b4,0.0,12.2733154296875,13.75,14.125,15.0,2.125,2.75,51.390625,101.8143,27.999999523162842,3.000000003576279,17.130208312912533,183.5379495542041,20,True,False,False,after-actions
2,60,71,228,71,2,tank,7955df44374cf37d29688202ef9a7984f78fb6cde2111da126d7bf9dd8a8b690,0.0,13.31866455078125,14.875,3.125,16.375,2.5,2.75,20.984375,179.8245,99.40006709098816,10.65000000357628,1.9703638491036084,21.11102699839374,71,True,True,False,after-actions
2,60,1,16,1,1,wall-middle,234622639b26f6b21c1e89889651dad8b1bfceca0cd3374c41fa365913606636,0.0,6.0,6.375,3.625,7.25,0.875,2.375,9.5,52.0427,1.399999976158142,0.15000000357627877,63.333331823349,678.5714401274313,1,True,False,False,after-actions
3,60,20,4944,160,14,continuous,0ff3321fb1c43d8d628c5d0db00c002c1c0944e98e188b4690adb89b86c806a7,0.0,12.5728759765625,13.5,3.5,13.75,13.375,13.5,25.21875,927.9077000000001,80.0,8.033333333333333,3.1392634854771786,31.5234375,160,True,False,False,after-actions
3,60,1,248,8,8,flat,4d24b5cd05295adf79346a0d5d9810909be0c64dd8b55a456e2d70642ffa49da,0.0,12.0206298828125,12.875,2.75,12.875,0.0,0.625,15.890625,84.1011,4.0,0.43333333333333335,36.67067307692307,397.265625,8,True,False,False,after-actions
3,60,1,124,8,8,high-drop,c3ba6d24ac1d091a9cfc7c10a9161d678063998b68d15120f244e49d30fa0a90,0.0,19.73406982421875,20.5,3.75,9.625,0.0,0.0,19.453125,78.56710000000001,4.0,0.43333333333333335,44.89182692307692,486.328125,8,True,False,False,after-actions
3,60,20,4944,160,14,moving,413b0e456539a3f492be62d7b30e5b18e1d5e94ec9b801bf049f4161b52ee0d0,0.0,12.5728759765625,13.5,8.0,13.75,0.375,13.5,81.59375,823.5072,80.0,8.033333333333333,10.156898340248963,101.99218750000001,160,True,False,False,after-actions
3,60,20,4944,160,14,sweep,b97f6dab9e83b0a3889e14e46567f7c5ff72145514456349fa9b85bab8face04,0.0,12.412841796875,13.25,14.0,13.5,0.625,13.0,105.53125,899.178,80.0,8.033333333333333,13.136670124481329,131.9140625,160,True,False,False,after-actions
3,60,25,6189,200,14,tank,9791e8ee35e3c9bba85004fa1f25f0b1a9e796c9f4d1887ce123ef19022bd1c4,0.0,12.5728759765625,13.5,3.5,13.75,13.375,13.5,25.6875,831.5933,100.0,10.033333333333333,2.560215946843854,25.687500000000004,200,True,True,False,after-actions
3,60,1,150,8,8,wall-middle,ad6ba9cdab8d672270de876e1d33b587e5144d92e64bd59b3b9d78e375c4b0f9,0.0,6.0,6.25,2.375,6.25,0.0,0.5,8.78125,90.1104,4.0,0.43333333333333335,20.264423076923077,219.53125,8,True,False,False,after-actions
4,60,20,63,20,3,continuous,2eb215d9a302394eb3b93197d18c5002135f5fb8100099133162646ecb9671d6,0.0,9.60101318359375,10.875,3.125,12.125,10.875,10.875,19.84375,101.32390000000001,16.00000023841858,1.7,11.67279411764706,124.0234356519068,20,True,False,False,after-actions
4,60,1,4,1,1,flat,15184ccfab0141b47e239129bf671bb38f298c91bfa74293c12f81855c8568c3,0.0,9.60101318359375,10.875,2.125,12.0,1.0,1.25,6.9375,38.639900000000004,0.800000011920929,0.11666666666666667,59.464285714285715,867.1874870778995,1,True,False,False,after-actions
4,60,1,4,1,1,high-drop,6f57eb21ec672de4e50850059c6121e1d594299c03b29104e5ccf0da58f4f1a7,0.0,12.24072265625,13.25,2.125,14.375,1.0,1.25,7.390625,40.8632,0.800000011920929,0.11666666666666667,63.348214285714285,923.8281112338884,1,True,False,False,after-actions
4,60,20,63,20,3,moving,8705e1c7fafbb113d09145acb589344e65989665630b7580c1816a9f4bf5fa17,0.0,9.60101318359375,10.875,5.75,12.125,1.125,10.875,36.890625,75.73530000000001,16.00000023841858,1.7,21.700367647058822,230.56640281429287,20,True,False,False,after-actions
4,60,20,63,20,3,sweep,ecc691c9301dd3569aa4efc170d179ba82d035533f9c608101e90fefb3a2aa81,0.0,9.59173583984375,10.875,7.75,12.25,1.375,10.875,32.9375,83.1661,16.00000023841858,1.7,19.375,205.85937193245633,20,True,False,False,after-actions
4,60,125,386,125,3,tank,faac40ecd40e3343790817fd0d1493935c6657cc2d610abb93a0eabf9534d99b,0.0,9.60101318359375,11.25,3.25,12.625,11.25,11.25,24.40625,261.52410000000003,100.0,10.450000000000001,2.3355263157894735,24.40625,125,True,True,False,after-actions
4,60,1,16,1,1,wall-middle,8fc63f0e82a3118a0f557422a0014889bf1ab0b8de5ec80e83f86c9d83abc032,0.0,6.0,6.25,3.5,7.375,1.0,1.25,7.921875,55.4279,0.800000011920929,0.11666666666666667,67.90178571428571,990.2343602443582,1,True,False,False,after-actions
5,60,20,240,20,1,continuous,47571be0221016639b23daae7d2f92e3066d38bdbb429d8da1ac3c492df4dd3c,0.0,12.58984375,14.5,7.5,14.25,0.0,14.5,38.53125,198.0534,140.0,11.8,3.265360169491525,27.522321428571427,20,True,False,False,after-actions
5,60,1,12,1,1,flat,e7e26e31e7e415af80a5bc62024e281561dd60e87b0be018327cbf1df3f695d4,0.0,12.58984375,14.0,6.375,13.625,0.0,14.0,23.25,65.21600000000001,7.0,0.7166666666666667,32.44186046511628,332.14285714285717,1,True,False,False,after-actions
5,60,1,9,1,1,high-drop,05cece38942c4e239072332d11638a5dddbd37c695d30c44f64401f4e611912b,0.0,10.90338134765625,11.75,1.875,11.375,0.0,11.75,11.6875,46.6362,7.0,0.7166666666666667,16.308139534883722,166.96428571428572,1,True,False,False,after-actions
5,60,20,240,20,1,moving,b2dc26fd8132ac6f4b48d3e7f681a11eb82606b368df1f4fa89729341f7fe685,0.0,12.58984375,14.5,15.875,14.25,0.0,14.5,149.28125,259.1573,140.0,11.8,12.650953389830507,106.62946428571429,20,True,False,False,after-actions
5,60,20,240,20,1,sweep,4e89826ab75624cf2e061673ff943956e0495612086900c607982e391ba71ef1,0.0,12.584716796875,14.25,16.0,14.125,0.0,14.25,124.21875,230.31910000000002,140.0,11.8,10.527012711864407,88.72767857142857,20,True,False,False,after-actions
5,60,14,168,14,1,tank,70e7a8e25ada43427549ade302ec78c4ae11529857a6f31002d3a8f264a4e4b2,0.0,12.58984375,14.375,7.5,14.0,0.0,14.375,37.125,166.2405,98.0,8.3,4.4728915662650595,37.88265306122449,14,True,True,False,after-actions
5,60,1,6,1,1,wall-middle,a001c09cd2f6203218fe8547e196381c58a0ef0ce8e5801c0f986d4370e533e0,0.0,6.0,5.5,2.375,5.6875,0.0,5.5,9.5,50.1968,7.0,0.7166666666666667,13.255813953488373,135.71428571428572,1,True,False,False,after-actions
6,60,1,3,1,1,flat,4e10662b254791594213859ab6a9c20b72f16b47f9bbebfac3973ba872d3c6fb,0.0533333346247673,8.71002197265625,10.5,2.5,11.25,0.75,0.875,6.140625,54.2567,0.5303030014038086,0.2,30.703125,1157.9464916745046,1,True,False,False,after-actions
6,60,1,99,33,6,flat,d061b5a77682a8bf2aa8d769600140523f187850afa6879cc525430397a6ca3f,0.800000011920929,19.40338134765625,20.75,4.125,21.875,4.625,5.375,35.09375,120.5961,17.499999046325684,4.2,8.355654761904761,200.53572521404405,33,True,False,False,after-actions
6,60,2,395,132,6,continuous,badc29d899a1aabf0de154e89f1abf94940930ccdbf2931a753491685a0502bc,1.0,20.0235595703125,21.375,4.125,22.5,21.125,21.375,45.984375,340.30260000000004,69.99999618530273,13.799999999999999,3.332201086956522,65.69196786564243,132,True,False,False,after-actions
6,60,1,198,66,6,flat,744fd277ebed170e696d706c7db01e79dd16e0fa348c0701b13e9b42e09eacf7,1.0,20.0235595703125,21.375,4.125,22.5,21.125,21.375,42.46875,185.8957,34.99999809265137,6.8999999999999995,6.154891304347826,121.33929232675239,66,True,False,False,after-actions
6,60,1,198,66,9,high-drop,7af0b5fe8897c3ec3352a0b091fb1cbee7da7ce72479e0245e158428f42159d2,1.0,23.028076171875,24.375,4.375,25.5,19.0,19.125,46.25,194.3863,34.99999809265137,6.8999999999999995,6.702898550724639,132.14286434407177,66,True,False,False,after-actions
6,60,2,395,132,6,moving,22c59e1dd4fb7e27189fb1b9e00726ce650c53603a73c6043347734980616b0d,1.0,20.0235595703125,21.375,13.625,22.5,0.0,21.125,125.4375,344.14300000000003,69.99999618530273,13.799999999999999,9.089673913043478,179.19643833685947,132,True,False,False,after-actions
6,60,2,340,132,25,sweep,97d4d3cc5f48dc86e61351a1c3e93a0328200b47acffc312a548663da2fb7722,1.0,19.3221435546875,20.625,16.0,21.75,5.125,12.375,152.53125,431.96250000000003,69.99999618530273,13.799999999999999,11.052989130434783,217.9017975889913,132,True,False,False,after-actions
6,60,3,571,191,6,tank,1f510e7159a1a8f1a984bf76d4109400d5a0976ba70c54a11661de0922c30c58,1.0,20.0235595703125,21.375,4.125,22.5,21.125,21.375,47.65625,523.2947,99.73484802246094,20.233333333333334,2.3553336079077427,47.78294743003719,191,True,True,False,after-actions
6,60,1,987,66,1,wall-middle,f2876a35275776bf36a5598bac1f99decf0d3562bdb3398086c01ef4ba7ccdc6,1.0,6.0,6.5,3.875,7.625,5.0,6.5,20.421875,243.3854,34.99999809265137,6.8999999999999995,2.9596920289855073,58.3482174654398,66,True,False,False,after-actions
7,60,20,440,80,9,continuous,338f63c0f1804d733b340fd74ce59008240e0d97fb29037742336441db730483,0.0,18.73297119140625,19.625,2.25,20.625,1.375,1.5,27.671875,387.1018,160.0,11.016666666666666,2.5118192133131623,17.294921875,80,True,False,False,after-actions
7,60,1,22,4,4,flat,a93e99af79dbe5a89f114971acdbcaf1e2b180b8edc07c488472791ca18afa8d,0.0,18.73297119140625,19.375,2.25,20.25,1.375,1.5,25.15625,82.07220000000001,8.0,0.883333333333333,28.47877358490567,314.453125,4,True,False,False,after-actions
7,60,1,18,4,4,high-drop,802d8877a74eb5d3b8541031ed9598a482c0fdc5e1c93ec76c60833935db4ae7,0.0,22.3817138671875,23.375,2.25,24.25,1.375,1.5,23.875,68.433,8.0,0.883333333333333,27.028301886792462,298.4375,4,True,False,False,after-actions
7,60,20,440,80,9,moving,2cb695dfe0e2e85038dc1b7bf447401a3dfa270b97c8a33c434ba021ac07ec66,0.0,18.73297119140625,19.625,11.375,20.625,1.375,13.125,195.140625,494.7432,160.0,11.016666666666666,17.71321860816944,121.96289062500001,80,True,False,False,after-actions
7,60,20,397,80,12,sweep,7a391f0fc4732598ecfa7390ee278908cca754738da1ac77ee71ae4f58db549c,0.0,18.5677490234375,19.25,16.0,20.25,1.625,13.125,172.765625,531.7066,160.0,11.016666666666666,15.682204992435706,107.978515625,80,True,False,False,after-actions
7,60,12,264,48,9,tank,5d5364f45244b56503422e16a5a6ea4e8dea47942f8c64ba7e2e830aa7abfe14,0.0,18.73297119140625,19.625,2.25,20.625,1.375,1.5,27.25,290.2342,96.0,6.75,4.037037037037037,28.385416666666668,48,True,True,False,after-actions
7,60,1,26,4,4,wall-middle,304cebf5fe6bf1f5f6343fc3f9d339683c93619f86a6bdef60fa10b9facc47d8,0.0,6.0,7.125,4.0,15.0,1.375,6.75,23.421875,81.15950000000001,8.0,0.883333333333333,26.515330188679258,292.7734375,4,True,False,False,after-actions
