scenario,gridHash,trace.csv SHA256,paint.csv SHA256
w1-q0-continuous-144,949e125f47124b62aef39af9090ee3ca56ae27b42afb7eac15924f2b068276ad,c3e32a78ba9ebdb0cc6ea387d6bdcfd6849f81793bd72d6e80604521f151e87c,b7aefd005b5fc75eca74cfd2fe8c5455c0cae115d96db8aead5e13f5d569e2fd
w1-q0-continuous-30,bf20190faeb6bf2c72f00ec07d369396ee3928e1f4c85bac5376513b45a747d6,15be4d02fdd23c9601ab2faf456cd002eeffeea9366e9af3baff821f2d58f1f8,3a6a0268674ed9ebbc1a473dd87e0660e3519f892b09f66a17c343c1e383e519
w1-q0-continuous-60,bf20190faeb6bf2c72f00ec07d369396ee3928e1f4c85bac5376513b45a747d6,4225c8db1c0f7027e0aec6d4707e23fa27cec95d2d6de660431f6139197ce06c,1d0d756e048d5938dabccc8196c8a4f3620031db99480fc4472b6e94e32fb3a4
w1-q0-down30-60,d5ac7053cdd17482367aebc8512cb694a46e59aee067ecf43cc872f205d31cc6,90df0c09488c9c1c27d8e22aadbfae5f0b8e0a600a1a33f354377e220f09ef6e,3881f85cd21824700aae8a2ebaa2eb4ebb388a6db8110ef2efaf46536662dec7
w1-q0-flat-60,6ed614024bd9e2d5f570c51ea3e6f45701af925276bf6524b1afd5d93831dd52,52c83d5d102e7b00449cc275060aecedcb60026b837863c87335f969bbfb0ad4,d04cec139ab8f9a6b135b148fe12ae0e4a768226747b57e92ca221d25e97979c
w1-q0-high-drop-60,223abbbb43a218e74d6e61fd76fcc0bbc461c66b7cad38b7af37c314b8aa357a,510a8b03543334e61eb3f50166217027b859148f14654a4b3bb465e0605a8c0b,f535232bd13d4d5e01957c9581dedc1a4d0f2dc627c4cb4026c3e8633b162110
w1-q0-occluded-60,ecb0aff6adc0a9590a68377cd795616759c2424d956007970890b8476a474b5e,784b4627d9ef02349c825864bed6d204ea1bd31ac547b03a6cf1f559598fbcb4,4f696f689e508d050999155bdd9f4c33665a93cb598c4ad1e8c0e2535cdb1252
w1-q0-slope-60,4a9e42e2d499e793465ab9722ae50aec212767283e42a19b2696229472d07e01,e3874d4bed59be06061b3c60a472ecc4cf591e26cd220b62196609b60b327836,0f7a6019582e68c1bf7d3d30926a1100daded2a91376454d074d0462257b70a8
w1-q0-up30-60,dfca71e9abd89978a6536b02db618a5c086b629dc9dd61ec21a3a19716dd753c,dab7821779899b231c9a2cffdf54d289ca842e12f37c7195710bc724786b0c16,4d0cf87e876878f8d56683852e8bccd95c3cd8a8fbe952ec08f9e45255924c1a
w1-q0-wall-far-60,3147c14ac7d66be6ca8884f5f1a1b6e25e5f696675fa83e0aa16a38d955a275b,5022b5873e8cf4284ddfaf492922e22cd016e8b9aff959c930d320fd970f8103,c4b86ef4d4e57547da1ec4d7b94c986265553827e740d879b135ecb61b726625
w1-q0-wall-middle-60,f1d6e17e5d19234abf759c6b6e780fd6e838d50b0d8ae77266aadf0fae025be7,3a93ea4f613b945b53094188d9be7c2b2c69b45fe8a2e7cf0d26f617061ae906,f45f5706c55caef9d72d690ad76f43b7b240f673e0d4cff746a86905db76a772
w1-q0-wall-near-60,92a392b1aa507aea8dc0990b33ab824f97e40ccb5e79d46fe844d528d2179e48,9b85efeecef2e5a3d1c04c0e74e749317ca7508acd3c485129253fafbffed95b,aab8d523c65ec322d2468ad2bff6d1c8051cbbd54f07d59eebfcafbbd88f68f0
w2-q0-continuous-144,de08260665edf72b5e80ec0534812191894561c12cc73a5ff652a7ab9892be98,f383e0276deb8828676d893f58221d25ef62fd2537ad90899bbebf1b07da3bef,fc8a66a38be15dc72746a12bdb1285599c09edf073412f8d0c90f03d24d69c57
w2-q0-continuous-30,2fb35b520a6911515cdd65e2ed48124e85735fa9f9006bde9b6cdd16d78ff8c1,5e63add5a94791be1f0899f3d16a75053030745ef6e2ac32eaa51faef5f1e68e,441e3be1cf36effe8dda7811dd04422d8ec3006b8a2bbd9aa4ed52fbb5b914d6
w2-q0-continuous-60,73000a25d6ebc205cc226c99c3fdd02e5bc9146c2180b2ae54321714c6d3f395,d249b65fa91dcaf9301195d1befa04fb295f44a801fa3d220d89772708c92885,dc82fda31ca3cce91fc035d3f56837d33815fbb1f3a55e31c538035e66ac57a2
w2-q0-down30-60,cd134f8fbb57fca3b67e5e861f9d3d78fc1d3727f853bdf6a1703db1c0fbc547,0da7ef4c4dde05f5724a56f55c1db5c43ed1cd0275ebb1a92144fee69845b9a1,18b59188a50dff106009c53695dc64cb28e29f2cf46f5862346df338db5e0aea
w2-q0-flat-60,623ed84c6a6ee43f1146f80c6fb05c1ee56d119787b0cc4361b2f2eff8938ca1,bc36d04350624a8455dd17700323468f28dbb62b2da10e5f6dabac77c0dbeb78,b4723be2aba417459c0b6657fe32841c6007221ea580fe3fcd59fb4bf9f3914c
w2-q0-high-drop-60,387f1debc4d7d96f6b9234b7096fdbabb3881f5d2ae651e50c692858097380eb,8cc43b1ef94d1d1c32713e3745beeace143924b723769707201da800db2a269c,7342ace64b5dd26bbab7694a8e8580010a4f04e8bb657e16bd5e85b24c3c0598
w2-q0-occluded-60,702fee2628ea7b34f7127f81cf3adcc87f057700aefc93efb7c78edf58416ed3,e9024c54abca68cf471b089c23ca4ead94b651b8c646b68ba57ac45174de2416,34a10d8627b765781301e48938ca1bda647478c87dca58dd7f4fb3632d2438a3
w2-q0-slope-60,95152690c14be68b2949b84eecc2fab668e7928b46b71c7b4f7be5b2fd2f66c7,8435f3a63adfcdea80020a8b85c4f483ac031d6000a859752ede66eec38bf261,418e68e671632d6845e0ad06e1185589360f2b281175667ef94b2a9a17ebf031
w2-q0-up30-60,d3135f54a29284e623b366fc342239969701b2f35b1fe811ba7cae51de8fca72,82593cba0252ce7d2f5543d426ce5a1cccedd3e93352932b83165b370ab6b762,43cef0c3246d2bb1b747f65cb6aaefecefd434eabc1678bb16137e99497d455d
w2-q0-wall-far-60,5c9edd407cdd19b50733a08faa37f9bd64e540664bd7b1fe9c8c25ad176cab57,bc36d04350624a8455dd17700323468f28dbb62b2da10e5f6dabac77c0dbeb78,b4723be2aba417459c0b6657fe32841c6007221ea580fe3fcd59fb4bf9f3914c
w2-q0-wall-middle-60,33eae058e49792ba9054d3c867110f771a9fcdb221075c41b9d258852832db41,f230caa67d1a781b0e0a8d9ee3573981f787a6a3923786515091dfcf3a3d6ddd,7d41505d7f58b114754e0cd293f9e13f30ffabb542b91855b06e05037a1fc502
w2-q0-wall-near-60,e05ea4a14a22b3fee053835606e99f9cd0ba5da6281ac5889ec9a107390ce91a,17ff24154cda213b25c8134a1ab80ea3899dfd7b588eda10b9e89580e6162f66,46d72d9103220f709cce02bc0fd0081b1b77cae484b1fc600da32e404e56665e
w3-q0-continuous-144,9cdbc7ea69d96a393795a80d969c4205badd97e11909d80a63a65f3eeb7ef1b5,c72763c54d89745b6a36739c0c53ac24c34cd3ab50f15985c77125e7da24c037,c7d585b14cf2faf01588b4092177959aec8d924e8d88c39b17dee528fa062822
w3-q0-continuous-30,82553abca8cfa4edaf6454a2e0946be201ae90fabcb89dae396e19eb5e39bc3e,8b850c1abde8d9042444061618ed23ba1beb28bab9fb49e559a43d2a2dc9cdca,ae9b51d9b00abe83c9fac14dd4d484f7f917436bd330ced6045adbfcd65f2663
w3-q0-continuous-60,82553abca8cfa4edaf6454a2e0946be201ae90fabcb89dae396e19eb5e39bc3e,13987c7f12d3b71aad7c86aca1653c56d840a245af1bcd96f6cb1c60a193c491,6884fb1331adb7bfba372325f03a0fab4c816dacb7b9806b6fedfac3152db89a
w3-q0-down30-60,e0b12d28e829972a4f17c1500d464a50135a83bd051efd2269ebd957dbc388b7,33e42f0a5bd6f76025c01504182bb6ca80ec85ff356d880756620fb081d38308,4a6300215d0f784d3a3a9e39a0191bc882b0f3819b832e1b072d673ca8dba3ea
w3-q0-flat-60,1748c33f9e2560b3e50ddb35d2ba5bfca75b3e0efcccb0819c321524ac928520,a9c9cf7aa467864caef689e9274ab32d5e6083c7226b98d3218ce31f250f53b0,94833d73f59e8872762d9834cf7baead5599316a57fd8a815d50185d6174d026
w3-q0-high-drop-60,4dc049511e4f1925c1ae54928d29818384e99e9108d54d518a69608b8e3213f9,6f793b1c02b366e7adc309db29964498b4e191fdbb6fc3f08df7831076805f28,474023310e33a4430cc73ff3c3305b758e5d4f6772a04cc9dd48e696cb046ff4
w3-q0-occluded-60,4d5d78ac101ea87cdc182c1cddd60d2f3acc04e478713001763a03f94a56bfc6,d2983a2ac8401d5c12394a4339e094c758ce5ef0d4ad39b7429f3d9fa98a695d,75453cae2ca956ff4dc03a441d58763d4ec971fbe480980d687972904f3dc446
w3-q0-slope-60,97cac9babe5e9e7c57a8c18a04a3e6782e06d526519fd6fffacc0e857616013b,fbe02a2ce68da3e1ea14858a4be47b1ee27bec1497eb79cf0170861b008b715e,10f99a7fe3203fdaf350b19a61beeec8885c107b9a254f51387da8a230d6d1a7
w3-q0-up30-60,7340579c7668086f24b71385305d21698a0ccb1122c1015b49bf87a3f55e4906,9d0ad40ca3fc020f30bf4a737ba8e203720b226890c1a98c090a0f8d2f37d9e9,49b64da3d3e58db3a034fdd2a32689045b701bd2a00ed3272890e735aaaab683
w3-q0-wall-far-60,4957b274b9cbbc06f234a6dcaa094a14309b953afb6dad0532da4800c269f2c8,746fb603c919994a1116a4056a0612492f95e0afa68da8eac04b2096a64d29bb,346c8223ada546dbeafdff09edcaa3c2629d8c54b291994e6122d7530243ee40
w3-q0-wall-middle-60,cfb151d6ee3ec7907b54d76d4754c4bd0d6c25f6818f312f518abf282385b424,3f5845f810631313e0a9c0222e5e28d13c5b076336fd49f6004ad8201241c298,a24bf720e6248bfb76170f0b3ea4aac3b5159cbb04978ea4cd003d7e0c0aeed7
w3-q0-wall-near-60,97aeefb024c8c34307db2e3ff7b7870f95b22b1f5b041a1e87f4f7bf60b2d42d,a4f0805728f0f48150eef0f57b956548d270b685fffbb73ba238d16d92411f50,bd4a78ce74ee1234e088fd46c878c8c1bae9c3c390a58d1fb575e493be3d926d
w4-q0-continuous-144,a8a92f9b64bdd4b7c7c05f34bdaa8d2496abd3637e90cf941ebaeb9e72813ec6,c412449f58f4d13295873dc4c6db48a266408f38abbfa0d2e534a908a3eb4f7e,e4a851536cdf6f4dc3aa9b4f4375faabb38c76dc00338c5cd601953969afb2b6
w4-q0-continuous-30,85de4cd43c1f7912a540d28c8a6365d7c0c4c6629eecbc7034e4765111c8b6ad,6da3fd5e7ac34eda796b0ece828d492482abc66bfe4fb48e517038eeedb02561,9006c696f0a70b218f3013928aa0ef94e1bec17bb0aff3a75194d0eae0b3f456
w4-q0-continuous-60,85de4cd43c1f7912a540d28c8a6365d7c0c4c6629eecbc7034e4765111c8b6ad,ad9d39320a9b6eef88b3c2ad2fa4eda95b17fbc4ad6959bb4ff296f989d100f3,406b2562106312f8d24a98f3bb3ab8f6c7c4d4542580400adf9438e2ddc24814
w4-q0-down30-60,cfe2aac32f6401a38839c18d2460505a6f8cd0dcb2508f2b95f9b618b635d379,5dcaf73b00295198e8a520ebb074912d7ec0bfc0915d9c9ee4992749f20be4de,56ac8be2570653a694bb879f47603185bd6a043863760176e3719ae26c0eaa39
w4-q0-flat-60,a6031630b2f94a631737cae483b8a4ca3bea4799f4967e871e95f63e3ed290cc,a8954cdd50a6c237c6125befa0f280130f8a16fe7d8fab77af7caaae8198f364,3723465e7e07a873eea6a49a2798c618a6444eaf81187eb5d10b8a75759c1d9f
w4-q0-high-drop-60,1b55c4090971353fe250291b578c77a7a235e7f9da0b261775a79fe07379e5aa,0009f7db2e0749e9aa99ceb04e90f7899c92e46350aba082c585fa4af29b18ca,25c5b8cb265d722337d8716123e1cf10334d05893ff06a98678127f6466c02e8
w4-q0-occluded-60,2827165d5ee052cfb704f9878e8c90dadc8da795c28dafd94a2c223928f0c83d,b80c894d3bf317aba21c30f5b818dac23b3d82a062741d852c6774f001a1e70f,8c247469d5636a41986f5d99d7a8dedaa87e854f2230197594481564ceffba35
w4-q0-slope-60,fdc7bdf32d94fe1ce4516dd64a8fcef695fe318082ed01a0e223ce51fa2aa759,aa18ce99585b844dd1f176b5f69c2f2b4dcdd46b78cba23ca1cffcc68cbdb972,6881c9fe0fdeb92ea666a7f5aa03402b17fe0557807c9aa8290b24b4b2a21cb1
w4-q0-up30-60,6cec388b913d4b74465370345f2cdc952d0c5920e339ab8aa183c77d5e455d54,7c5443c735bcf6320a0b68dcf3302d8e8fa7df76c17a4b2f2e618c46cde83972,5954c3ed6712811099f5290d4ce57a7faf652354892fa909b226780705c00803
w4-q0-wall-far-60,5c2336b43176be1c5943bfa32964bfaab64b65b9b17bc145750d7a5f29e7d860,7b8cc02b4390cf843291226a916a66768f3bebe7ef5efef4099291cfada61504,2a385e698211de24e9e40fef324964094509f5ed747e5e0b463242d2a0714f06
w4-q0-wall-middle-60,da8240bef6e73efedcfee6827109da45fee1657f000cefb198eae43467261cb6,048eb159321385ca73fdee3d55c06c0a4778c6532ec167d728e9c862022efe5b,3f84563d8a09827eb88ba1863bac5ca57d181e6043218f2ddc45083498058b0a
w4-q0-wall-near-60,6cc9aece9f10f3ff50dc551495f51293b3e3ceb73d14481dc7e810db1b3bc208,130119245e337113e16b1da4431ed69008e0c192cf50be627df3e97f100d0600,e890679810f38ef7232d9288d3406d3cc2570fb3eea0ef74522c9a1ebf040cce
w5-q0-down30-60,50d553efad3de212c9a357819bb1524020758ecd139d5cddd69886ac69871929,fc7d3d8596cbea9d40a0bb4d859f416c12b4c1f56df4bdbe68e3dd42120b1a34,da0b781e79be8ea22fcbaac70f98f5fb9a65c8b25026273eaf364ea1ce44324f
w5-q0-flat-60,4f093814ca5b7b083e001d7db8f43ac91868dbb45815b7c6deecec5751fedab1,5f67b6fd29a561ad0ed1cd07d483c662a1e9f39a7fe08824c57355ae95715cb9,06ae9c083cec2caef98f4fcb9846a8986a8b7b8ade5e433b1f8c8845d9d245e2
w5-q0-high-drop-60,70502d6039559e71c069407b0433d45cb22a7d4bc3fb53bdcba32e20af959994,92b824afce306766bdfb8eeb935f7e268e1921c271f62981d67b4db90895d4d7,dd75878535f11a71f6052e29bd8584e92de7a65ed5f8ee6d7985e6e1f9222bcd
w5-q0-occluded-60,5a687a26cb059697c9a10c1bcd0b627677003f05768a10bc0edff5c606d6bc84,ee549d39c97254f35c6275370c85d37e6c62b6805499263a38001141cdc926d2,68a9c8e995741e26ca16e59e69a4b2573505c40d3cedcab1ff203d8618c00f8f
w5-q0-slope-60,36bd6dccf1256523178ef6c28d060522414ff77bfddfc738074550cedbb8ba80,2825fc41a7169b5301027801ffe1a0832f644ea1294cdeb1fdf9bd7aaeaa3c6e,ccc41bfbe58a8e450d5c85133a01cc51f09fc7f5d3173cf14e8796917b0b49c1
w5-q0-up30-60,80d437391fdc2a4d8d6231634218bf7a642df58b121da8a3bc06d012c1348048,6b69c10a6ea8bc05e4541499465628c0140e189f7464b5fabd56f5e1b565f64d,925a96bd2c629bd7bba43aedcf71989529a5f54bd35c20680cdb9d43a6f717d4
w5-q0-wall-far-60,79b8e7cd75b0a20a6fbec3acd38ca913b6455b31b27b233fb48861d8ab7870fb,5f67b6fd29a561ad0ed1cd07d483c662a1e9f39a7fe08824c57355ae95715cb9,06ae9c083cec2caef98f4fcb9846a8986a8b7b8ade5e433b1f8c8845d9d245e2
w5-q0-wall-middle-60,7b32a97c660a67597df957e52ecc997f8afb8c772ee2014869e2f9bbcdd88b5e,42170d3a8f5776b589f46b83696b22a3ad8290b4cc09a8e20ebe2876b1a2ca73,7dd10e21e35d665b3fda0e1eece1d72be1364dac3d053d25b7dbe37642c71228
w5-q0-wall-near-60,80745e5c2e33568c2a0b156b1de9add3719f95a3d8824e8f99f684e69c26d08a,ef54eff39b357ccaa0c1fa5193bce62e05b72e90a75c8c8577c32b2eb1427bb4,65b8127a5c17f4651faa2b1324171c2b111f6e8938d702bafb690ad5a162add0
w5-q30-down30-60,3f220e3638a130d993a8630ee5c0de6c03d4568d54803b583bcedf834904d6c3,22e3d0b8d3da1ea2235dea49143c5f72d2dbcd6be5c555c5498ed6ee28d4286e,225ac696985a8c7511e69d87c5fce74bdc29e4b58e813e7a609ad1377487448d
w5-q30-flat-60,a20b2a04ac75faed6f69d9406fcde9057ad4c46b09b181fd06197055dcb70ad5,19458165c29fb0f9a77789cfb7f3f2142d7ef1e9967858ee7958b6c0c638b512,db9c3813cb88c13d6ce1db77854163f93ca7e13bb35b294a3464b152e9a13822
w5-q30-high-drop-60,0e8bfb839d4e8334947be3f0b631a1d564ab31cf5a12dc7d87622c2d500cdc5e,dd81340b8e0f45a6f18b29ca8f0337e0111a1dc25895387017a654a3675c20f1,caad844160badf7b7b943f91e1ca0dd1ada321746ffacf52d0f00de6356ea5c0
w5-q30-occluded-60,5c134b1570b94cf2f9a61e5a5be2180ec50977a6482f68d543b75ea4612f4a90,f6de3a8d7af10cdb03b3a417ab8bbdc53f02ffbe7d094403bb266021f2f49de8,c2bee201b000d0c467f2d9c80d8470d92868cfdcba0f5cc4857cde7ce5dde542
w5-q30-slope-60,b8e77b5031ea10a1581b0185544e6f1c52026002d51107e378d729c3f4ed35c7,ef18d2297a6214dfbf62867ac2cc0387ef61a2eb42aafe880ea43fab4e9695a6,782d40e95334b2b5e291f3d1ce01d2eb0a993a114e1e5f595497121eb3bb10a3
w5-q30-up30-60,a949b980facdfb86d4b3dfb28a0d740f3ddb61114fb309918b2a24bb2e5b2e7c,0188f2a7ee33e04a9ff3a0d53a8dbc8186de3032277415ddd548ac4e6d270389,d26d4b0b30f5ab86791d5e44d045d0d856f85ba2810b25528d837c96dcf67b3f
w5-q30-wall-far-60,8f9c5c37e867a8901f31a2ad207a1a772376c04d1de053c12ecf0a054722074a,e55f91c796e3376d48dd629b8db5740f9fcaa0555f0a24cc6b47ed8462d80d20,097610a192623ca9cf6382ea0ce6455200383d1337b546d0b815e285b19423f7
w5-q30-wall-middle-60,d12c8f08121b7992520ce5d0e2452249222c0c637da534461e08857307a7590e,70c22180e3af12f032f61e1e8e7643b4b05e9f8127e6745494af2c76d5c11d83,846a6fc81ade4fdba27c89648d5004c28415a59a97bcee4f453963475c6d30ee
w5-q30-wall-near-60,5379197f94c5bdfcc00c4ecb9313d2782333be0585f1c49ca4d882ef81d25af9,42a4cf3ed75f4717a71bb6478e750e5d57560c8bda11f4c2968213684242bde6,7ddbe8467670545ad01333f4d22f468e6214d6e61ff17d3537e7be43b88d32b2
w5-q59-down30-60,e8f4bf5ff831c43973ce7c4360333c334370d68c1e19ef8ab91bf8b13d22e802,9a8732f542c3a5aea5f6564bf24e0fc775a5eecb087811e24e1b377fdf7c3bfd,a2dcbe3db2da6c02ea4ce98d9f776a33c48bdc897cad1bf06ece8053dc9d951b
w5-q59-flat-60,1db9a39fa16beecc60393c60291e8bf1a72b6cb341723ccc9cad72d632086645,070f013d5c9ab2986a773bdb05b4632cae287b6993b55dbe52cc4cb86bf5f3b9,1216d5ab0504bd50e96000103a7aef7e727d75efd73231f67e4220c9349070d7
w5-q59-high-drop-60,534936ff2ee2db259c2536cc0b01396ed17adaa9b7e5d40d3f27805aeb410d48,df14db3672a7c3e79171e46e67b18163166e669bc294bae17aadc75cda114844,f6bce7f689ae9cbb8d00d555be38f38a4e3f54774a76f781dc9820bac08445e7
w5-q59-occluded-60,68a41d26a9e4f339401d9fc4bb710bad5c8d263052cb03d75b358fe0fb0f2b17,137278e4c531a2d2383cdf3a045774b4498378a0115b40f70b9a1410cabe5b5b,db6521e4e30da4fc8e496a3375d8d731cd8e6ae4068c21e633e4b976825d92c8
w5-q59-slope-60,825bc819c0323498c70a5090d52c12cde9f2adfb4e70e7e41f1fc4ef410826cc,ea4ddad5f767b34da4da6eb0e4f120b218a3de7b338c4b1655a5ddf9977b00a3,f734062a5344cce2fa7e321a86992baeba326cb4c1a4e4fa2d73245b507dc655
w5-q59-up30-60,7b45025719a5a7550382f1d9e95aaf13cf70c894fa2558be91f7fa6e3bd49906,bdf2a3d1cd4b3ca3414fdca8e8a2fd973910b1400e650730f8140526ef51756f,459f44dda2b5463a18bb6fa82b853c4312856584afbb27a661153b64b86cab56
w5-q59-wall-far-60,d4412e6a0c7247457b96b6c4ad867fe2336fea4b3dbf6087e77a769e7cac9e7d,3ca0588305b80c7937174c08b58b49281069ed3f7146a31b65d0f61e4f8a0348,40393fbe92c28aaa9bb2641046f6f2a50e3df5ed5c03dac326ed573e526aa3b0
w5-q59-wall-middle-60,25e7f7a72d17a15025cbe0067be0017237eb975cfb72c5ee27dc71849fedd30b,cdd35486e24e86a7158055e6a64c26cf0005fb144e1399487b1cb7b899e28b94,49ce179fb756954b74c086cb2b1a9ec57d432259de580181117f535a44447749
w5-q59-wall-near-60,87e0ee5c45d55d9cc66f6ce04338cb7f1c04bcf7ebfbdfe2059b4cf20a7eccb7,300199bbf761285dddff0288250f75f204b3f037d8e5156ca93b7aa2f03a3b15,c370c781fbeeeacbff62cc1036213db5122882cd8c914a4406b44cf8ef063f9a
w5-q60-continuous-144,61e6708b25dcd687bc49c6899a2f2a3ba5c3ed4856681f7d0cd646d268fd289d,8cb5a0f6d114331b078db8c09ee31e17ce83276ba5904d42fd98721931c91ff7,25ffb7bb0c6c196e9088208a5406ee6464b998fcf93b75da0c5f2a826387370e
w5-q60-continuous-30,11581e06b288ec19ac6a421871c4515c3b5bc61ffc45397e56e3916d4c45759d,f9b30b48085b61e992fd09b81d139d93f295c32f66a09502863b894c385bf14a,81891b962bc00117efb144848e536e7392c1e6121db60ff68b1e78e6f4b8cda0
w5-q60-continuous-60,11581e06b288ec19ac6a421871c4515c3b5bc61ffc45397e56e3916d4c45759d,b569fa89ba1d0723140c039e0aa7e3579015175d91435b2dfed4865f2a0e6308,81891b962bc00117efb144848e536e7392c1e6121db60ff68b1e78e6f4b8cda0
w5-q60-down30-60,443d0520be1dac541aaf3d454ee98f986bc465ea440c88bad8838461dae95f19,280480b46ec6695c7ede8dd7bf4c7043552ec238b2bd207203de847ee4f17c42,0055c952f98d89004e59f3b0957062fdaf8ecb02f81cc668cd4eb5a7febae30d
w5-q60-flat-60,b03ac718f2c94747f9dbe056cdfc1d8b9ae5f13cc0832cee591a75de2dca0bef,cd42f7032a2ee66c1f1f8d7bf850551625cc4ec3afc377269e889bdffca8f92c,5a514265d146e7295b8932510c17c2da390eea943da72344ac768623ee90d85b
w5-q60-high-drop-60,6be718402d2f65d0d1602e8362148552c06a19e6992bd5ec2ca5718492249b74,197ff282e0abb9b644566f7284ca06c509c9b6db31bb4c049e6aa3828b4568de,ba9de1e7b6483127df1358637f0fe707022e06c3db69eb6bdd03a01f90a40f13
w5-q60-occluded-60,39fcf1f9f8e2430e474dbbc93b6b7f691f8be591ddd085008be92fdd6c2e4163,b966a63ce516a2805c4e9fe544ebeecb480920e7a271110361ffe599e719e5f4,b1e8f3b44e8bdc79cb47f753b86781f2244f1c1545645840ddb63cd58de21ecf
w5-q60-slope-60,b1783f26ae17847764d7c4516ae5137cf61bb6b8ac3f4c91856cb0d0fe4d3e4d,1b1568e2367e47022aa3d7f23910c7fabde73773e11af0d19ef5a627aab07f36,f9864304554609aa57d7ee17d07945abe67217be9971d8158ff736a402a04a8d
w5-q60-up30-60,13ba5add458a4e048c4c830fb50c7ee5293b0cb8bd9e001bd27b3816330187f2,d6e67a15c1375ac9532409f90f2e68436f93c5f22b65e0e4abc8077370b6dbda,b5430b63883bea2094112a61d675b6543a236f75a1e55079cc6a6c66d7ba6724
w5-q60-wall-far-60,a9232fd5922968a2eefc663537ebfcc1f27e365efc5f33d01d15c0dae400b3c6,1c1a76b67524205781c39a8bc06300567c85376e7a6b7be522f437355b451e21,fa0564bba124affc6e0e1ef1f9f8f15613567d7f936ad44fcc3470c4d4a94c9a
w5-q60-wall-middle-60,1b22c388cc7d84deace8c01afeab9a1b4a5739e923456b783b5775a4169107ba,8f2e52f0f5f10fc3f61123383b2c41a91f4749c428ce1c494504e433a81ed5d2,d0f6d48032b3461e0d6cb45e5808ed8f43f3e665f0fc885845a86ca03ae79c3e
w5-q60-wall-near-60,7f8e62d16e7dacf6265ebbc67aa50369f5ed70c20e714ed6f1e548fd88fc0b77,9136c467c7cc5d31cb0494b879c5c9fdd7e227c58e7c65759c38223100f4ad57,d953af68435d4f62c9747e256b3267bbcb2be8a60591ffdc673d6812200944b7
